roll,item
25,"„Ö§„Ö§„Ö§„Ö§„Ö§„Ö§„Ö§„Ö§„Ö§„Ö§„Ö§„Ö§```
üí•üíÄ Everything seems to be going wrong... you lose all hearts and the fight...
```„Ö§„Ö§„Ö§„Ö§„Ö§„Ö§"
25,"„Ö§„Ö§„Ö§„Ö§„Ö§„Ö§„Ö§„Ö§„Ö§„Ö§„Ö§„Ö§```
üí•üíÄ The monster attacks! You lose ‚ù§Ô∏è‚ù§Ô∏è 2 hearts!
But you fight back! Roll again!
```„Ö§„Ö§„Ö§„Ö§„Ö§„Ö§"
25,"„Ö§„Ö§„Ö§„Ö§„Ö§„Ö§„Ö§„Ö§„Ö§„Ö§„Ö§„Ö§```
üí•üíÄ The monster attacks! You lose ‚ù§Ô∏è 1 heart!
But you fight back! Roll again!
```„Ö§„Ö§„Ö§„Ö§„Ö§„Ö§"
4,"Monster, meet your maker! You win!„Ö§„Ö§„Ö§„Ö§„Ö§„Ö§„Ö§„Ö§„Ö§„Ö§„Ö§„Ö§„Ö§```
You found a chest! 
Use /tableroll chest to open it! <:item_chest:1199960483252420679>
```„Ö§„Ö§„Ö§„Ö§„Ö§„Ö§„Ö§„Ö§„Ö§„Ö§„Ö§„Ö§„Ö§"
8,"You thought you were going to meet Hylia for a moment there....but you won!„Ö§„Ö§„Ö§„Ö§„Ö§„Ö§„Ö§„Ö§„Ö§„Ö§„Ö§„Ö§„Ö§```
You got a Emblazoned Shield <:Emblazoned_Shield:935378245610786847>
```„Ö§„Ö§„Ö§„Ö§„Ö§„Ö§„Ö§„Ö§„Ö§„Ö§„Ö§„Ö§„Ö§"
5,"Well, it could be worse! You win. „Ö§„Ö§„Ö§„Ö§„Ö§„Ö§„Ö§„Ö§„Ö§„Ö§„Ö§„Ö§„Ö§```
You won a Serpent Fangs <:TFH_Serpent_Fangs:938273748119875664>
```„Ö§„Ö§„Ö§„Ö§„Ö§„Ö§„Ö§„Ö§„Ö§„Ö§„Ö§„Ö§„Ö§"
5,"All in a days work. You win!„Ö§„Ö§„Ö§„Ö§„Ö§„Ö§„Ö§„Ö§„Ö§„Ö§„Ö§„Ö§„Ö§```
You got a Knight's Broadsword <:Knights_Broadsword:938167620954370058>
```„Ö§„Ö§„Ö§„Ö§„Ö§„Ö§„Ö§„Ö§„Ö§„Ö§„Ö§„Ö§„Ö§"
4,"Monster, meet your maker! You win!„Ö§„Ö§„Ö§„Ö§„Ö§„Ö§„Ö§„Ö§„Ö§„Ö§„Ö§„Ö§„Ö§```
You won a Like Like Stone <:Like_Like_Stone:1199967064912298034>
```„Ö§„Ö§„Ö§„Ö§„Ö§„Ö§„Ö§„Ö§„Ö§„Ö§„Ö§„Ö§„Ö§"